{
  "1": {
    "connections_count": 1,
    "avg_latency": 8.773512840270996,
    "max_latency": 8.773512840270996,
    "min_latency": 8.773512840270996,
    "error_count": 0,
    "error_rate": 0.0
  },
  "6": {
    "connections_count": 6,
    "avg_latency": 7.338849822680156,
    "max_latency": 11.801291704177856,
    "min_latency": 1.1081678867340088,
    "error_count": 0,
    "error_rate": 0.0
  }
}