{
  "1": {
    "connections_count": 1,
    "avg_latency": 10.964172124862671,
    "max_latency": 10.964172124862671,
    "min_latency": 10.964172124862671,
    "error_count": 0,
    "error_rate": 0.0
  },
  "11": {
    "connections_count": 11,
    "avg_latency": 13.92246226830916,
    "max_latency": 31.234230041503906,
    "min_latency": 5.753244638442993,
    "error_count": 0,
    "error_rate": 0.0
  },
  "21": {
    "connections_count": 21,
    "avg_latency": 11.700993889854068,
    "max_latency": 33.95659112930298,
    "min_latency": 1.1343789100646973,
    "error_count": 0,
    "error_rate": 0.0
  },
  "31": {
    "connections_count": 31,
    "avg_latency": 10.403854485481016,
    "max_latency": 28.721542835235596,
    "min_latency": 0.6068918704986572,
    "error_count": 0,
    "error_rate": 0.0
  },
  "41": {
    "connections_count": 41,
    "avg_latency": 7.393881373289155,
    "max_latency": 32.940699338912964,
    "min_latency": 0.5100884437561035,
    "error_count": 0,
    "error_rate": 0.0
  },
  "51": {
    "connections_count": 51,
    "avg_latency": 17.093840767355527,
    "max_latency": 59.03244066238403,
    "min_latency": 0.6045083999633789,
    "error_count": 0,
    "error_rate": 0.0
  },
  "61": {
    "connections_count": 61,
    "avg_latency": 12.070736826443282,
    "max_latency": 35.32924509048462,
    "min_latency": 0.5894739627838135,
    "error_count": 0,
    "error_rate": 0.0
  },
  "71": {
    "connections_count": 71,
    "avg_latency": 11.958973431251419,
    "max_latency": 54.924800157547,
    "min_latency": 0.6132078170776367,
    "error_count": 0,
    "error_rate": 0.0
  },
  "81": {
    "connections_count": 81,
    "avg_latency": 21.374651611587147,
    "max_latency": 106.40420889854431,
    "min_latency": 0.6452648639678955,
    "error_count": 0,
    "error_rate": 0.0
  },
  "91": {
    "connections_count": 91,
    "avg_latency": 20.557936841314966,
    "max_latency": 75.99539065361023,
    "min_latency": 0.7414486408233643,
    "error_count": 0,
    "error_rate": 0.0
  }
}