{
  "1": {
    "connections_count": 1,
    "avg_latency": 9.251639604568481,
    "max_latency": 9.251639604568481,
    "min_latency": 9.251639604568481,
    "error_count": 0,
    "error_rate": 0.0
  },
  "11": {
    "connections_count": 11,
    "avg_latency": 5.028089978478172,
    "max_latency": 8.684725761413574,
    "min_latency": 0.7486691474914551,
    "error_count": 0,
    "error_rate": 0.0
  },
  "21": {
    "connections_count": 21,
    "avg_latency": 8.224227519262405,
    "max_latency": 30.591508388519287,
    "min_latency": 0.6349766254425049,
    "error_count": 0,
    "error_rate": 0.0
  },
  "31": {
    "connections_count": 31,
    "avg_latency": 3.8201532056254726,
    "max_latency": 15.90732455253601,
    "min_latency": 0.570807933807373,
    "error_count": 0,
    "error_rate": 0.0
  },
  "41": {
    "connections_count": 41,
    "avg_latency": 10.382738293671027,
    "max_latency": 47.575931787490845,
    "min_latency": 0.6708385944366455,
    "error_count": 0,
    "error_rate": 0.0
  },
  "51": {
    "connections_count": 51,
    "avg_latency": 12.80640728333417,
    "max_latency": 42.53681921958923,
    "min_latency": 0.5958991050720215,
    "error_count": 0,
    "error_rate": 0.0
  },
  "61": {
    "connections_count": 61,
    "avg_latency": 18.04474988530894,
    "max_latency": 114.70410394668579,
    "min_latency": 0.539271354675293,
    "error_count": 0,
    "error_rate": 0.0
  },
  "71": {
    "connections_count": 71,
    "avg_latency": 21.041557107173222,
    "max_latency": 55.504796504974365,
    "min_latency": 0.6779990196228027,
    "error_count": 0,
    "error_rate": 0.0
  },
  "81": {
    "connections_count": 81,
    "avg_latency": 19.257996082305908,
    "max_latency": 80.71731686592102,
    "min_latency": 0.6198780536651611,
    "error_count": 0,
    "error_rate": 0.0
  },
  "91": {
    "connections_count": 91,
    "avg_latency": 21.122903920791963,
    "max_latency": 72.29695105552673,
    "min_latency": 0.5005824565887451,
    "error_count": 0,
    "error_rate": 0.0
  }
}