{
  "1": {
    "connections_count": 1,
    "avg_latency": 12.466697692871094,
    "max_latency": 12.466697692871094,
    "min_latency": 12.466697692871094,
    "error_count": 0,
    "error_rate": 0.0
  },
  "11": {
    "connections_count": 11,
    "avg_latency": 12.977877530184658,
    "max_latency": 23.852239847183228,
    "min_latency": 1.370213270187378,
    "error_count": 0,
    "error_rate": 0.0
  },
  "21": {
    "connections_count": 21,
    "avg_latency": 5.990606444222586,
    "max_latency": 21.618080139160156,
    "min_latency": 0.7426788806915283,
    "error_count": 0,
    "error_rate": 0.0
  },
  "31": {
    "connections_count": 31,
    "avg_latency": 14.045992897402856,
    "max_latency": 42.93156099319458,
    "min_latency": 0.643240213394165,
    "error_count": 0,
    "error_rate": 0.0
  },
  "41": {
    "connections_count": 41,
    "avg_latency": 33.653073694647816,
    "max_latency": 92.2213683128357,
    "min_latency": 0.7719933986663818,
    "error_count": 0,
    "error_rate": 0.0
  },
  "51": {
    "connections_count": 51,
    "avg_latency": 17.42181031376708,
    "max_latency": 55.47452259063721,
    "min_latency": 0.7606351375579834,
    "error_count": 0,
    "error_rate": 0.0
  },
  "61": {
    "connections_count": 61,
    "avg_latency": 24.455291841850904,
    "max_latency": 87.91755723953247,
    "min_latency": 0.6165637969970703,
    "error_count": 0,
    "error_rate": 0.0
  },
  "71": {
    "connections_count": 71,
    "avg_latency": 32.99052485277955,
    "max_latency": 91.07593488693237,
    "min_latency": 0.750497579574585,
    "error_count": 0,
    "error_rate": 0.0
  },
  "81": {
    "connections_count": 81,
    "avg_latency": 16.16942352718777,
    "max_latency": 81.2593002319336,
    "min_latency": 0.4866371154785156,
    "error_count": 0,
    "error_rate": 0.0
  },
  "91": {
    "connections_count": 91,
    "avg_latency": 24.70713800388378,
    "max_latency": 93.46602272987366,
    "min_latency": 0.6921913623809814,
    "error_count": 0,
    "error_rate": 0.0
  }
}